No.,ID,出欠,評価,評価（その他）,合否,求職者ID,氏名（姓）,氏名（名）,フリガナ（姓）,フリガナ（名）,性別,学校名,学部名,学科名,メールアドレス,携帯番号,CAコメント
No.,ID,Attendance,Evalucation,Other Evaluation,Pass or Not,Candidate ID ,Last Name,First Name,Last name in hiragana,First name in hiragana,Gender,University Name,major,Course,Email,Phone,CA Comment
1,1001,○,○,○,合格,1001,滝沢,徹平,たきざわ,てっぺい,男,慶應義塾大学,法学部,政治,takizawa_teppei@example.com,053-847-1991,あつい
2,1002,○,△,△,不合格,1002,平田,窈,ひらた,よう,女,慶應義塾大学,法学部,法律,hirata_you@example.com,097-270-3319,かしこい
3,1003,○,◎,◎,不合格,1003,田尻,美嘉,たじり,みか,女,早稲田大学,政治経済学部,政治,tajiri_mika@example.com,088-203-7747,つよい
4,1004,○,×,×,不合格,1004,福士,美佳,ふくし,みか,女,早稲田大学,法学部,一般,fukushi_mika@example.com,049-132-882,さわやか
5,1005,○,○,○,不合格,1005,中谷,徹,なかたに,とおる,男,上智大学,法学部,地球環境法,nakatani_tooru@example.com,08-8679-0999,あつい
6,1006,○,△,△,不合格,1006,相川,ケンイチ,あいかわ,けんいち,男,上智大学,法学部,地球環境法,aikawa_kenichi@example.com,039-395-4499,かしこい
7,1007,○,◎,◎,不合格,1007,吉川,建,よしかわ,けん,男,上智大学,法学部,法律,yoshikawa_ken@example.com,022-312-1992,つよい
8,1008,○,×,×,不合格,1008,池田,浩介,いけだ,こうすけ,男,上智大学,法学部,法律,ikeda_kousuke@example.com,089-253-6740,さわやか
9,1009,○,○,○,不合格,1009,小平,未華子,こひら,みかこ,女,中央大学,法学部,法律,kohira_mikako@example.com,091-583-1009,あつい
10,1010,○,△,△,不合格,1010,内野,隼士,うちの,しゅんじ,男,中央大学,法学部,政治,uchino_shunji@example.com,075-274-9432,かしこい
11,1011,○,◎,◎,不合格,1011,上田,恵美,うえだ,めぐみ,女,中央大学,法学部,法律,ueda_megumi@example.com,087-499-8714,つよい
12,1012,○,×,×,不合格,1012,佐竹,桃子,さたけ,ももこ,女,明治大学,政治経済学部,政治,satake_momoko@example.com,091-8882-1922,さわやか
13,1013,○,○,○,不合格,1013,藤野,人志,ふじの,ひとし,男,明治大学,政治経済学部,政治,fujino_hitoshi@example.com,089-333-9013,あつい
14,1014,○,△,△,不合格,1014,菅野,優一,かんの,ゆういち,男,青山学院大学,法学部,法,kanno_yuuichi@example.com,046-428-8349,かしこい
15,1015,○,◎,◎,不合格,1015,秋元,友以乃,あきもと,ゆいの,女,青山学院大学,法学部,法,akimoto_yuino@example.com,063-333-1435,つよい
16,1016,○,×,×,不合格,1016,田畑,知世,たばた,ちせ,女,青山学院大学,法学部,法,tabata_chise@example.com,049-591-3495,さわやか
17,1017,○,○,○,不合格,1017,大泉,草太,おおいずみ,そうた,男,中央大学,法学部,政治,ooizumi_souta@example.com,068-914-,あつい
18,1018,○,△,△,不合格,1018,三宅,恭子,みやけ,きょうこ,女,中央大学,法学部,政治,miyake_kyouko@example.com,032-837-7263,かしこい
19,1019,○,◎,◎,不合格,1019,哀川,愛,あいかわ,あい,女,中央大学,法学部,法律,aikawa_ai@example.com,049-409-5585,つよい
20,1020,○,×,×,不合格,1020,板橋,幸子,いたばし,さちこ,女,中央大学,法学部,法律,itabashi_sachiko@example.com,028-471-4485,さわやか
21,1021,○,○,○,不合格,1021,本山,さやか,ほんやま,さやか,女,中央大学,法学部,法律,honnyama_sayaka@example.com,066-837-7803,あつい
22,1022,○,△,△,不合格,1022,長井,沙耶,ながい,さや,女,法政大学,法学部,法律,nagai_saya@example.com,066-837-7807,かしこい
23,1023,○,◎,◎,不合格,1023,内田,菊生,うちだ,きくお,男,明治大学,政治経済学部,地域行政,uchida_kikuo@example.com,091-284-8244,つよい
24,1024,○,×,×,不合格,1024,渡部,恵望子,わたべ,えみこ,女,明治大学,政治経済学部,地域行政,watabe_emiko@example.com,058-883-2773,さわやか
25,1025,○,○,○,不合格,1025,竹本,憲一,たけもと,けんいち,男,明治大学,法学部,法律,takemoto_kenichi@example.com,067-895-7595,あつい
26,1026,○,△,△,不合格,1026,加藤,未華子,かとう,みかこ,女,明治大学,法学部,法律,katou_mikako@example.com,091-623-7445,かしこい
27,1027,○,◎,◎,不合格,1027,ト字,あさみ,とじ,あさみ,女,立教大学,法学部,国際ビジネス法,toji_asami@example.com,030-476-2878,つよい
28,1028,○,×,×,不合格,1028,小泉,祐基,こいずみ,ゆうき,男,立教大学,法学部,政治,koizumi_yuuki@example.com,022-518-8742,さわやか
29,1029,○,○,○,不合格,1029,細田,真悠子,ほそだ,まゆこ,女,立教大学,法学部,政治,hosoda_mayuko@example.com,032-851-6906,あつい
30,1030,○,△,△,不合格,1030,安部,真一,あべ,しんいち,男,立教大学,法学部,法,abe_shinichi@example.com,031-722-2222,かしこい
31,1031,○,◎,◎,不合格,1031,黒崎,広之,くろさき,ひろゆき,男,立教大学,法学部,法,kurosaki_hiroyuki@example.com,054-868-5875,つよい
32,1032,○,×,×,不合格,1032,阿井,翔子,あい,しょうこ,女,学習院大学,法学部,政治,ai_shouko@example.com,091-8872-9999,さわやか
33,1033,○,○,○,不合格,1033,本多,美佐,ほんだ,みさ,女,学習院大学,法学部,法,honnda_misa@example.com,025-815-4610,あつい
34,1034,○,△,△,不合格,1034,森岡,千佳子,もりおか,ちかこ,女,中央大学,法学部,政治,morioka_chikako@example.com,020-495-9371,かしこい
35,1035,○,◎,◎,不合格,1035,根本,寿明,ねもと,としあき,男,法政大学,法学部,政治,nemoto_toshiaki@example.com,050-595-7365,つよい
36,1036,○,×,×,不合格,1036,矢島,由樹,やじま,ゆき,女,法政大学,法学部,法律,yajima_yuki@example.com,024-206-3630,さわやか
37,1037,○,○,○,不合格,1037,奥野,明宏,おくの,あきひろ,男,立教大学,法学部,国際ビジネス法,okuno_akihiro@example.com,038-698-1472,あつい
38,1038,○,△,△,不合格,1038,青柳,禄郎,あおやぎ,ろくろう,男,立教大学,法学部,国際ビジネス法,aoyagi_rokurou@example.com,027-760-3310,かしこい
39,1039,○,◎,◎,不合格,1039,辻本,弘也,つじもと,ひろなり,男,立教大学,法学部,政治,tsujimoto_hironari@example.com,098-601-3485,つよい
40,1040,○,×,×,不合格,1040,坂下,優,さかした,ゆう,女,立教大学,法学部,法,sakashita_yuu@example.com,012-842-7211,さわやか
41,1041,○,○,○,不合格,1041,岡部,真悠子,おかべ,まゆこ,女,國學院大学,法学部,政治,okabe_mayuko@example.com,098-601-3484,あつい
42,1042,○,△,△,不合格,1042,寺島,三省,てらじま,さんせい,男,国士舘大学,政経学部,政治行政,terajima_sansei@example.com,012-842-7212,かしこい
43,1043,○,◎,◎,不合格,1043,永井,真悠子,ながい,まゆこ,女,成蹊大学,法学部,法律,nagai_mayuko@example.com,098-601-3485,つよい
44,1044,○,×,×,不合格,1044,染谷,未華子,そめや,みかこ,女,成蹊大学,法学部,法律,someya_mikako@example.com,041-602-7825,さわやか
45,1045,○,○,○,不合格,1045,三浦,知世,みうら,ちせ,女,中央大学,法学部,政治,miura_chise@example.com,016-675-7757,あつい
46,1046,○,△,△,不合格,1046,堀北,将也,ほりきた,まさや,男,法政大学,法学部,政治,horikita_masaya@example.com,072-445-1848,かしこい
47,1047,○,◎,◎,不合格,1047,田上,しほり,たうえ,しほり,女,國學院大学,法学部,政治,taue_shihori@example.com,063-434-8061,つよい
48,1048,○,×,×,不合格,1048,栗山,明宏,くりやま,あきひろ,男,國學院大学,法学部,法律,kuriyama_akihiro@example.com,098-601-3486,さわやか
49,1049,○,○,○,不合格,1049,梅本,未來,うめもと,みらい,女,國學院大学,法学部,法律専門職,umemoto_mirai@example.com,041-602-7826,あつい
50,1050,○,△,△,不合格,1050,藤井,ヒカル,ふじい,ひかる,女,成城大学,法学部,法律,fujii_hikaru@example.com,016-675-7758,かしこい
51,1051,○,◎,◎,不合格,1051,黒岩,美佐子,くろいわ,みさこ,女,成城大学,法学部,法律,kuroiwa_misako@example.com,072-445-1849,つよい
52,1052,○,×,×,不合格,1052,古賀,一恵,こが,かづえ,女,成蹊大学,法学部,政治,koga_kadue@example.com,063-434-8062,さわやか
53,1053,○,○,○,不合格,1053,水野,将也,みずの,まさや,男,成蹊大学,法学部,政治,mizuno_masaya@example.com,098-601-3487,あつい
54,1054,○,△,△,不合格,1054,岡山,メイサ,おかやま,めいさ,女,日本大学,法学部,公共政策,okayama_meisa@example.com,041-602-7827,かしこい
55,1055,○,◎,◎,不合格,1055,芦屋,那奈,あしや,なな,女,日本大学,法学部,政治経済,ashiya_nana@example.com,039-875-3538,つよい
56,1056,○,×,×,不合格,1056,河内,奈央,かわうち,なお,女,日本大学,法学部,政治経済,kawauchi_nao@example.com,093-899-3385,さわやか
57,1057,○,○,○,不合格,1057,高原,浩介,たかはら,こうすけ,男,日本大学,法学部,法律,takahara_kousuke@example.com,039-875-3539,あつい
58,1058,○,△,△,不合格,1058,平岡,さとみ,ひらおか,さとみ,女,日本大学,法学部,法律,hiraoka_satomi@example.com,043-993-8051,かしこい
59,1059,○,◎,◎,不合格,1059,矢田,一徳,やだ,いっとく,男,日本大学,法学部,法律,yada_ittoku@example.com,093-496-5742,つよい
60,1060,○,×,×,不合格,1060,妹尾,ケンイチ,せお,けんいち,男,明治学院大学,法学部,消費情報環境法,seo_kenichi@example.com,076-532-5901,さわやか
61,1061,○,○,○,不合格,1061,土居,丈史,どい,たけし,男,國學院大学,法学部,政治,doi_takeshi@example.com,032-728-6539,あつい
62,1062,○,△,△,不合格,1062,尾上,たかお,おがみ,たかお,男,國學院大学,法学部,法律,ogami_takao@example.com,048-151-4591,かしこい
63,1063,○,◎,◎,不合格,1063,織田,鉄二,おだ,てつじ,男,國學院大学,法学部,法律,oda_tetsuji@example.com,076-532-5902,つよい
64,1064,○,×,×,不合格,1064,土居,竜也,どい,たつや,男,國學院大学,法学部,法律専門職,doi_tatsuya@example.com,032-728-6540,さわやか
65,1065,○,○,○,不合格,1065,川畑,亮,かわはた,りょう,男,國學院大学,法学部,法律専門職,kawahata_ryou@example.com,048-151-4592,あつい
66,1066,○,△,△,不合格,1066,椎名,知世,しいな,ちせ,女,駒澤大学,法学部,法律,shiina_chise@example.com,076-532-5903,かしこい
67,1067,○,◎,◎,不合格,1067,北条,未來,ほうじょう,みらい,女,駒澤大学,法学部,法律,houjou_mirai@example.com,032-728-6541,つよい
68,1068,○,×,×,不合格,1068,沢田,隼士,さわだ,しゅんじ,男,東洋大学,法学部,法律,sawada_shunji@example.com,048-151-4593,さわやか
69,1069,○,○,○,不合格,1069,鬼頭,敏和,きとう,としかず,男,東洋大学,法学部,法律,kitou_toshikazu@example.com,076-532-5902,あつい
70,1070,○,△,△,不合格,1070,秋元,勇,あきもと,ゆう,女,東洋大学,法学部,法律,akimoto_yuu@example.com,032-728-6540,かしこい
71,1071,○,◎,◎,不合格,1071,磯部,美智子,いそべ,みちこ,女,東洋大学,法学部,法律,isobe_michiko@example.com,048-151-4592,つよい
72,1072,○,×,×,不合格,1072,小玉,怜奈,こだま,れいな,女,日本大学,法学部,経営法,kodama_reina@example.com,076-532-5903,さわやか
73,1073,○,○,○,不合格,1073,江口,慎之介,えぐち,しんのすけ,男,日本大学,法学部,経営法,eguchi_shinnosuke@example.com,032-728-6541,あつい
74,1074,○,△,△,不合格,1074,松浦,花緑,まつうら,かろく,男,日本大学,法学部,公共政策,matsuura_karoku@example.com,048-151-4593,かしこい
75,1075,○,◎,◎,不合格,1075,片瀬,達士,かたせ,たつひと,男,日本大学,法学部,公共政策,katase_tatsuhito@example.com,076-532-5904,つよい
76,1076,○,×,×,不合格,1076,佐野,沙耶,さの,さや,女,日本大学,法学部,政治経済,sano_saya@example.com,032-728-6542,さわやか
77,1077,○,○,○,不合格,1077,望月,莉沙,もちづき,りさ,女,武蔵野大学,法学部,法律,mochiduki_risa@example.com,048-151-4594,あつい
78,1078,○,△,△,不合格,1078,富山,さんま,とみやま,さんま,男,明治学院大学,法学部,消費情報環境法,tomiyama_sanma@example.com,091-695-2510,かしこい
79,1079,○,◎,◎,不合格,1079,大田,兼,おおた,けん,男,明治学院大学,法学部,政治,oota_ken@example.com,024-109-5517,つよい
80,1080,○,×,×,不合格,1080,吉本,健,よしもと,けん,男,明治学院大学,法学部,法律,yoshimoto_ken@example.com,038-960-8617,さわやか
81,1081,○,○,○,不合格,1081,田崎,あい,たざき,あい,女,明治学院大学,法学部,法律,tazaki_ai@example.com,091-238-9368,あつい
82,1082,○,△,△,不合格,1082,宮崎,里奈,みやざき,りな,女,獨協大学,法学部,法律,miyazaki_rina@example.com,066-838-3143,かしこい
83,1083,○,◎,◎,不合格,1083,長友,明,ながとも,あきら,男,駒澤大学,法学部,政治,nagatomo_akira@example.com,086-429-6006,つよい
84,1084,○,×,×,不合格,1084,堀,俊介,ほり,しゅんすけ,男,駒澤大学,法学部,政治,hori_shunsuke@example.com,083-736-6581,さわやか
85,1085,○,○,○,不合格,1085,新垣,莉沙,にいがき,りさ,女,国士舘大学,政経学部,政治行政,niigaki_risa@example.com,073-116-7338,あつい
86,1086,○,△,△,不合格,1086,宇都宮,さやか,うつのみや,さやか,女,国士舘大学,政経学部,政治行政,utsunomiya_sayaka@example.com,053-457-5771,かしこい
87,1087,○,◎,◎,不合格,1087,小市,メイサ,こいち,めいさ,女,神奈川大学,法学部,法律,koichi_meisa@example.com,014-170-9637,つよい
88,1088,○,×,×,不合格,1088,根岸,敏也,ねぎし,としや,男,成蹊大学,法学部,政治,negishi_toshiya@example.com,073-116-7339,さわやか
89,1089,○,○,○,不合格,1089,滝本,茜,たきもと,あかね,女,成蹊大学,法学部,法律,takimoto_akane@example.com,053-457-5772,あつい
90,1090,○,△,△,不合格,1090,松澤,竜也,まつざわ,たつや,男,専修大学,法学部,政治,matsuzawa_tatsuya@example.com,014-170-9638,かしこい
91,1091,○,◎,◎,不合格,1091,成瀬,祐一,なるせ,ゆういち,男,専修大学,法学部,政治,naruse_yuuichi@example.com,073-116-7340,つよい
92,1092,○,×,×,不合格,1092,青山,しほり,あおやま,しほり,女,専修大学,法学部,政治,aoyama_shihori@example.com,053-457-5773,さわやか
93,1093,○,○,○,不合格,1093,水田,知世,みずた,ちせ,女,専修大学,法学部,政治,mizuta_chise@example.com,014-170-9639,あつい
94,1094,○,△,△,不合格,1094,樋口,美幸,ひぐち,みゆき,女,専修大学,法学部,法律,higuchi_miyuki@example.com,073-116-7341,かしこい
95,1095,○,◎,◎,不合格,1095,後藤,まひる,ごとう,まひる,女,専修大学,法学部,法律,gotou_mahiru@example.com,053-457-5774,つよい
96,1096,○,×,×,不合格,1096,上原,宏行,うえはら,ひろゆき,男,専修大学,法学部,法律,uehara_hiroyuki@example.com,073-116-7341,さわやか
97,1097,○,○,○,不合格,1097,戸田,真希,とだ,まき,女,専修大学,法学部,法律,toda_maki@example.com,053-457-5774,あつい
98,1098,○,△,△,不合格,1098,岡島,友香,おかじま,ともか,女,専修大学,法学部二部,法律,okajima_tomoka@example.com,014-170-9640,かしこい
99,1099,○,◎,◎,不合格,1099,辻本,メイサ,つじもと,めいさ,女,創価大学,法学部,法律,tsujimoto_meisa@example.com,073-116-7342,つよい
100,1100,○,×,×,不合格,1100,池谷,未華子,いけたに,みかこ,女,創価大学,法学部,法律,iketani_mikako@example.com,053-457-5775,さわやか
101,1101,○,○,○,不合格,1101,北川,奈央,きたがわ,なお,女,東京経済大学,現代法学部,現代法,kitagawa_nao@example.com,073-116-7342,あつい
102,1102,○,△,△,不合格,1102,中塚,未來,なかづか,みらい,男,東京経済大学,現代法学部,現代法,nakaduka_mirai@example.com,053-457-5775,かしこい
103,1103,○,◎,◎,不合格,1103,木内,美佐子,きうち,みさこ,女,東洋大学,法学部,企業法,kiuchi_misako@example.com,014-170-9641,つよい
104,1104,○,×,×,不合格,1104,松原,結衣,まつばら,ゆい,女,東洋大学,法学部,企業法,matsubara_yui@example.com,073-116-7343,さわやか
105,1105,○,○,○,不合格,1105,平賀,晋也,ひらが,しんや,男,東洋大学,法学部,企業法,hiraga_shinya@example.com,041-377-2275,あつい
106,1106,○,△,△,不合格,1106,門田,栄一,かどた,えいいち,男,東洋大学,法学部,企業法,kadota_eiichi@example.com,099-551-7186,かしこい
107,1107,○,◎,◎,不合格,1107,上野,隼士,うえの,しゅんじ,男,東洋大学,法学部,企業法,ueno_shunji@example.com,099-551-7187,つよい
108,1108,○,×,×,不合格,1108,倉田,綾,くらた,あや,女,東洋大学,法学部,法律,kurata_aya@example.com,099-551-7188,さわやか
109,1109,○,○,○,不合格,1109,須藤,友以乃,すどう,ゆいの,女,東洋大学,法学部,法律,sudou_yuino@example.com,099-551-7189,あつい
110,1110,○,△,△,不合格,1110,大竹,美佐,おおたけ,みさ,女,日本大学,法学部,経営法,ootake_misa@example.com,099-551-7190,かしこい
111,1111,○,◎,◎,不合格,1111,西村,えみ,にしむら,えみ,女,武蔵野大学,法学部,政治,nishimura_emi@example.com,099-551-7191,つよい
112,1112,○,×,×,不合格,1112,原,たかお,はら,たかお,男,武蔵野大学,法学部,法律,hara_takao@example.com,099-551-7192,さわやか
113,1113,○,○,○,不合格,1113,奥寺,光博,おくでら,みつひろ,男,明治学院大学,法学部,政治,okudera_mitsuhiro@example.com,099-551-7193,あつい
114,1114,○,△,△,不合格,1114,桑原,禄郎,くわばら,ろくろう,男,立正大学,法学部,法／現代社会,kuwabara_rokurou@example.com,099-551-7194,かしこい
115,1115,○,◎,◎,不合格,1115,小堀,ひろみ,こほり,ひろみ,女,立正大学,法学部,法／公共政策・企業法,kohori_hiromi@example.com,099-551-7195,つよい
116,1116,○,×,×,不合格,1116,今西,直人,いまにし,なおと,男,獨協大学,法学部,法律,imanishi_naoto@example.com,099-551-7196,さわやか
117,1117,○,○,○,不合格,1117,西沢,陽子,にしざわ,ようこ,女,獨協大学,法学部,法律,nishizawa_youko@example.com,099-551-7197,あつい
118,1118,○,△,△,不合格,1118,東,明,ひがし,あきら,男,駒澤大学,法学部,法律／フレックスB,higashi_akira@example.com,099-551-7198,かしこい
119,1119,○,◎,◎,不合格,1119,島田,明日,しまだ,めいび,女,国士舘大学,法学部,法律,shimada_meibi@example.com,099-551-7199,つよい
120,1120,○,×,×,不合格,1120,赤松,雅彦,あかまつ,まさひこ,男,神奈川大学,法学部,自治行政,akamatsu_masahiko@example.com,056-822-5583,さわやか
121,1121,○,○,○,不合格,1121,佐古,咲,さこ,さき,女,神奈川大学,法学部,法律,sako_saki@example.com,066-920-3756,あつい
122,1122,○,△,△,不合格,1122,松下,洋介,まつした,ようすけ,男,創価大学,法学部,法律,matsushita_yousuke@example.com,021-264-1710,かしこい
123,1123,○,◎,◎,不合格,1123,湊,貴美子,みなと,きみこ,女,東京経済大学,現代法学部,現代法,minato_kimiko@example.com,067-586-7317,つよい
124,1124,○,×,×,不合格,1124,塩谷,鉄洋,しおや,てつひろ,男,東洋大学,法学部,企業法,shioya_tetsuhiro@example.com,071-956-7900,さわやか
125,1125,○,○,○,不合格,1125,河野,太朗,かわの,たろう,男,武蔵野大学,法学部,政治,kawano_tarou@example.com,021-264-1711,あつい
126,1126,○,△,△,不合格,1126,滝,華子,たき,はなこ,女,駒澤大学,法学部,法律／フレックスB,taki_hanako@example.com,067-586-7318,かしこい
127,1127,○,◎,◎,不合格,1127,難波,竜次,なんば,りゅうじ,男,国士舘大学,法学部,現代ビジネス法,nannba_ryuuji@example.com,071-956-7901,つよい
128,1128,○,×,×,不合格,1128,森下,まなみ,もりした,まなみ,女,国士舘大学,法学部,法律,morishita_manami@example.com,021-264-1712,さわやか
129,1129,○,○,○,不合格,1129,浅利,輝信,あさり,あきのぶ,男,神奈川大学,法学部,自治行政,asari_akinobu@example.com,067-586-7319,あつい
130,1130,○,△,△,不合格,1130,富山,一樹,とみやま,かずき,男,大東文化大学,法学部,政治,tomiyama_kazuki@example.com,071-956-7902,かしこい
131,1131,○,◎,◎,不合格,1131,北川,宏行,きたがわ,ひろゆき,男,東海大学,政治経済学部,政治,kitagawa_hiroyuki@example.com,021-264-1713,つよい
132,1132,○,×,×,不合格,1132,北,光良,きた,てるよし,男,日本大学,法学部二部,法律,kita_teruyoshi@example.com,029-255-7741,さわやか
133,1133,○,○,○,不合格,1133,和泉,友以乃,わいずみ,ゆいの,女,亜細亜大学,法学部,法律,waizumi_yuino@example.com,031-409-5851,あつい
134,1134,○,△,△,不合格,1134,柳原,人志,やなぎはら,ひとし,男,亜細亜大学,法学部,法律,yanagihara_hitoshi@example.com,054-660-6931,かしこい
135,1135,○,◎,◎,不合格,1135,島,完爾,しま,かんじ,男,国士舘大学,法学部,現代ビジネス法,shima_kanji@example.com,062-435-3862,つよい
136,1136,○,×,×,不合格,1136,多岐川,三省,たきがわ,さんせい,男,国士舘大学,法学部,現代ビジネス法,takigawa_sansei@example.com,077-249-2483,さわやか
137,1137,○,○,○,不合格,1137,川畑,亜希,かわはた,あき,女,国士舘大学,法学部,法律,kawahata_aki@example.com,050-112-8966,あつい
138,1138,○,△,△,不合格,1138,大島,秀樹,おおしま,ひでき,男,大東文化大学,法学部,法律,ooshima_hideki@example.com,058-859-9469,かしこい
139,1139,○,◎,◎,不合格,1139,藤岡,染五郎,ふじおか,そめごろう,男,拓殖大学,政経学部,法律政治,fujioka_somegorou@example.com,062-435-3863,つよい
140,1140,○,×,×,不合格,1140,相馬,里穂,あいば,りほ,女,拓殖大学,政経学部,法律政治,aiba_riho@example.com,070-522-1685,さわやか
141,1141,○,○,○,不合格,1141,草村,裕次郎,くさむら,ゆうじろう,男,拓殖大学,政経学部,法律政治,kusamura_yuujirou@example.com,051-133-9152,あつい
142,1142,○,△,△,不合格,1142,桑田,はじめ,くわた,はじめ,男,東海大学,法学部,法律,kuwata_hajime@example.com,087-315-5066,かしこい
143,1143,○,◎,◎,不合格,1143,八木,涼子,やぎ,りょうこ,女,東洋大学,法学部２部,法律,yagi_ryouko@example.com,091-568-9412,つよい
144,1144,○,×,×,不合格,1144,渡部,一,わたべ,はじめ,男,東洋大学,法学部２部,法律,watabe_hajime@example.com,020-736-1814,さわやか
145,1145,○,○,○,不合格,1145,小堀,夏希,こほり,なつき,女,亜細亜大学,法学部,法律,kohori_natsuki@example.com,035-239-5064,あつい
146,1146,○,△,△,不合格,1146,矢田,礼子,やだ,れいこ,女,関東学院大学,法学部,法,yada_reiko@example.com,072-691-6443,かしこい
147,1147,○,◎,◎,不合格,1147,小町,博之,こまち,ひろゆき,男,関東学院大学,法学部,法,komachi_hiroyuki@example.com,036-623-3645,つよい
148,1148,○,×,×,不合格,1148,依田,菜々美,よりた,ななみ,女,大東文化大学,法学部,法律,yorita_nanami@example.com,030-466-4513,さわやか
149,1149,○,○,○,不合格,1149,矢作,洋,やはぎ,よう,男,中央学院大学,法学部,法,yahagi_you@example.com,030-466-4518,あつい
150,1150,○,△,△,不合格,1150,奥田,真希,おくだ,まき,女,関東学院大学,法学部,法,okuda_maki@example.com,048-262-7695,かしこい
151,1151,○,◎,◎,不合格,1151,前島,なぎさ,まえじま,なぎさ,女,関東学院大学,法学部,法,maejima_nagisa@example.com,036-623-3646,つよい
152,1152,○,×,×,不合格,1152,浦野,沙耶,うらの,さや,女,桐蔭横浜大学,法学部,法律,urano_saya@example.com,030-466-4519,さわやか
153,1153,○,○,○,不合格,1153,小日向,希,こひなた,のぞみ,女,桐蔭横浜大学,法学部,法律,kohinata_nozomi@example.com,030-466-4519,あつい
154,1154,○,△,△,不合格,1154,熊井,徹,くまい,とおる,男,淑徳大学,コミュニティ政策学部,コミュニティ政策,kumai_tooru@example.com,048-262-7696,かしこい
155,1155,○,◎,◎,不合格,1155,古谷,美月,ふるたに,みづき,女,駿河台大学,法学部,法律,furutani_miduki@example.com,036-623-3647,つよい
156,1156,○,×,×,不合格,1156,安倍,菊生,あべ,きくお,男,常磐大学,コミュニティ振興学部,地域政策,abe_kikuo@example.com,092-784-4188,さわやか
157,1157,○,○,○,不合格,1157,小泉,サンタマリア,こいずみ,さんたまりあ,男,清和大学,法学部,法律／経営法,koizumi_stmaria@example.com,059-486-4019,あつい
158,1158,○,△,△,不合格,1158,小堀,昌代,こほり,まさよ,女,清和大学,法学部,法律／法学,kohori_masayo@example.com,066-936-9400,かしこい
159,1159,○,◎,◎,不合格,1159,中原,郁恵,なかはら,いくえ,女,清和大学,法学部,夜間主／法律／法学,nakahara_ikue@example.com,056-513-8668,つよい
160,1160,○,×,×,不合格,1160,細井,昌代,ほそい,まさよ,女,大東文化大学,法学部,政治,hosoi_masayo@example.com,082-289-5196,さわやか
161,1161,○,○,○,不合格,1161,水谷,哲平,みずたに,てっぺい,男,中央学院大学,法学部,法,mizutani_teppei@example.com,064-484-6144,あつい
162,1162,○,△,△,不合格,1162,小平,優,こひら,ゆう,女,帝京大学,法学部,法律,kohira_yuu@example.com,039-896-3326,かしこい
163,1163,○,◎,◎,不合格,1163,手島,サダヲ,てじま,さだお,男,日本文化大学,法学部,法,tejima_sadawo@example.com,018-866-4650,つよい
164,1164,○,×,×,不合格,1164,平,郁恵,たいら,いくえ,女,白鴎大学,法学部,法律,taira_ikue@example.com,030-956-3748,さわやか
165,1165,○,○,○,不合格,1165,七瀬,昌代,ななせ,まさよ,女,平成国際大学,法学部,法,nanase_masayo@example.com,091-965-9451,あつい
166,1166,○,△,△,不合格,1166,福本,龍吉,ふくもと,りゅうきち,男,平成国際大学,法学部,法,fukumoto_ryuukichi@example.com,054-623-9930,かしこい
167,1167,○,◎,◎,不合格,1167,金城,雅彦,かなしろ,まさひこ,男,流通経済大学,法学部,ビジネス法,kanashiro_masahiko@example.com,094-771-7596,つよい
168,1168,○,×,×,不合格,1168,小森,仁,こもり,じん,男,流通経済大学,法学部,ビジネス法,komori_jin@example.com,017-811-9860,さわやか
169,1169,○,○,○,不合格,1169,倉持,祐基,くらもち,ゆうき,男,流通経済大学,法学部,ビジネス法,kuramochi_yuuki@example.com,038-866-8384,あつい
170,1170,○,△,△,不合格,1170,安,夏空,やす,そら,女,流通経済大学,法学部,自治行政,yasu_sora@example.com,051-212-3715,かしこい
171,1171,○,◎,◎,不合格,1171,山根,雅彦,やまね,まさひこ,男,流通経済大学,法学部,自治行政,yamane_masahiko@example.com,047-658-2880,つよい
172,1172,○,×,×,不合格,1172,吉岡,真奈美,よしおか,まなみ,女,流通経済大学,法学部,自治行政,yoshioka_manami@example.com,079-681-7895,さわやか
173,1173,○,○,○,不合格,1173,川辺,里穂,かわべ,りほ,女,慶應義塾大学,経済学部,経済,kawabe_riho@example.com,085-939-4017,あつい
174,1174,○,△,△,不合格,1174,松元,俊二,まつもと,しゅんじ,男,早稲田大学,政治経済学部,経済,matsumoto_shunji@example.com,020-249-1482,かしこい
175,1175,○,◎,◎,不合格,1175,高山,聡,たかやま,さとし,男,慶應義塾大学,経済学部,経済,takayama_satoshi@example.com,068-576-3044,つよい
176,1176,○,×,×,不合格,1176,高見,一,たかみ,はじめ,男,慶應義塾大学,商学部,商,takami_hajime@example.com,093-586-5675,さわやか
177,1177,○,○,○,不合格,1177,坂口,雄太,さかぐち,ゆうた,男,慶應義塾大学,商学部,商,sakaguchi_yuuta@example.com,068-576-3045,あつい
178,1178,○,△,△,不合格,1178,白鳥,きみまろ,しらとり,きみまろ,男,上智大学,経済学部,経営,shiratori_kimimaro@example.com,093-586-5676,かしこい
179,1179,○,◎,◎,不合格,1179,布川,未華子,ふかわ,みかこ,女,上智大学,経済学部,経営,fukawa_mikako@example.com,068-576-3046,つよい
180,1180,○,×,×,不合格,1180,高井,夏空,たかい,そら,女,早稲田大学,商学部,一般,takai_sora@example.com,093-586-5677,さわやか
181,1181,○,○,○,不合格,1181,浅井,樹里,あさい,じゅり,女,立教大学,経営学部,経営,asai_juri@example.com,068-576-3047,あつい
182,1182,○,△,△,不合格,1182,宮田,育子,みやた,いくこ,女,立教大学,経営学部,国際経営,miyata_ikuko@example.com,093-586-5678,かしこい
183,1183,○,◎,◎,不合格,1183,神崎,三郎,かんざき,さぶろう,男,上智大学,経済学部,経済,kannzaki_saburou@example.com,068-576-3048,つよい
184,1184,○,×,×,不合格,1184,加藤,ちえみ,かとう,ちえみ,女,青山学院大学,経営学部,経営,katou_chiemi@example.com,093-586-5679,さわやか
185,1185,○,○,○,不合格,1185,相沢,美幸,あいざわ,みゆき,女,青山学院大学,経営学部,経営,aizawa_miyuki@example.com,068-576-3049,あつい
186,1186,○,△,△,不合格,1186,古谷,夏空,ふるたに,そら,女,青山学院大学,経済学部,経済,furutani_sora@example.com,093-586-5680,かしこい
187,1187,○,◎,◎,不合格,1187,宇田川,美佐,うだがわ,みさ,女,明治大学,商学部,商,udagawa_misa@example.com,031-673-6731,つよい
188,1188,○,×,×,不合格,1188,堤,結子,つつみ,ゆうこ,女,立教大学,経営学部,経営,tsutsumi_yuuko@example.com,025-955-8131,さわやか
189,1189,○,○,○,不合格,1189,横川,くるみ,よこかわ,くるみ,女,立教大学,経営学部,国際経営,yokokawa_kurumi@example.com,034-143-7081,あつい
190,1190,○,△,△,不合格,1190,塩田,涼子,しおた,りょうこ,女,立教大学,経営学部,国際経営,shiota_ryouko@example.com,098-397-1132,かしこい
191,1191,○,◎,◎,不合格,1191,喜多,優,きた,ゆう,女,上智大学,経済学部,経済,kita_yuu@example.com,073-972-9978,つよい
192,1192,○,×,×,不合格,1192,堀川,弘也,ほりかわ,ひろなり,男,上智大学,経済学部,経済,horikawa_hironari@example.com,082-672-3959,さわやか
193,1193,○,○,○,不合格,1193,岸,真希,きし,まき,女,青山学院大学,経営学部,マーケティング,kishi_maki@example.com,073-972-9979,あつい
194,1194,○,△,△,不合格,1194,真田,大樹,さなだ,ひろき,男,青山学院大学,経営学部,マーケティング,sanada_hiroki@example.com,082-672-3960,かしこい
195,1195,○,◎,◎,不合格,1195,諏訪,雅彦,すわ,まさひこ,男,青山学院大学,経営学部,マーケティング,suwa_masahiko@example.com,073-972-9980,つよい
196,1196,○,×,×,不合格,1196,諏訪,徹,すわ,とおる,男,青山学院大学,経営学部,経営,suwa_tooru@example.com,082-672-3961,さわやか
197,1197,○,○,○,不合格,1197,岡島,さゆり,おかじま,さゆり,女,青山学院大学,経済学部,経済,okajima_sayuri@example.com,073-972-9981,あつい
198,1198,○,△,△,不合格,1198,多岐川,咲,たきがわ,さき,女,東京理科大学,経営学部,経営,takigawa_saki@example.com,082-672-3962,かしこい
199,1199,○,◎,◎,不合格,1199,小池,将也,こいけ,まさや,男,明治大学,経営学部,経営,koike_masaya@example.com,073-972-9982,つよい
200,1200,○,×,×,不合格,1200,成海,瞬,なるみ,しゅん,女,明治大学,経営学部,経営,narumi_shun@example.com,082-672-3963,さわやか
201,1201,○,○,○,不合格,1201,宮里,徹,みやざと,とおる,男,明治大学,商学部,商,miyazato_tooru@example.com,073-972-9979,あつい
202,1202,○,△,△,不合格,1202,森口,陽子,もりぐち,ようこ,女,明治大学,政治経済学部,経済,moriguchi_youko@example.com,082-672-3960,かしこい
203,1203,○,◎,◎,不合格,1203,出口,惇,でぐち,じゅん,男,明治大学,政治経済学部,経済,deguchi_jun@example.com,073-972-9980,つよい
204,1204,○,×,×,不合格,1204,伴,由美子,ばん,ゆみこ,女,立教大学,経営学部,経営,ban_yumiko@example.com,082-672-3961,さわやか
205,1205,○,○,○,不合格,1205,青木,明日,あおき,めいび,女,立教大学,経済学部,経済,aoki_meibi@example.com,073-972-9981,あつい
206,1206,○,△,△,不合格,1206,照井,智花,てるい,ともか,女,立教大学,経済学部,経済,terui_tomoka@example.com,082-672-3962,かしこい
207,1207,○,◎,◎,不合格,1207,豊田,光臣,とよた,みつおみ,男,立教大学,経済学部,経済政策,toyota_mitsuomi@example.com,073-972-9982,つよい
208,1208,○,×,×,不合格,1208,寺尾,奈央,てらお,なお,女,立教大学,経済学部,経済政策,terao_nao@example.com,082-672-3963,さわやか
209,1209,○,○,○,不合格,1209,水嶋,聖陽,みずしま,まさあき,男,学習院大学,経済学部,経営,mizushima_masaaki@example.com,073-972-9983,あつい
210,1210,○,△,△,不合格,1210,日野,勇介,ひの,ゆうすけ,男,学習院大学,経済学部,経済,hino_yuusuke@example.com,082-672-3964,かしこい
211,1211,○,◎,◎,不合格,1211,宮城,麻緒,みやぎ,まお,女,成蹊大学,経済学部,経済経営,miyagi_mao@example.com,073-972-9980,つよい
212,1212,○,×,×,不合格,1212,坂野,美幸,いたの,みゆき,女,青山学院大学,経済学部,現代経済デザイン,itano_miyuki@example.com,082-672-3961,さわやか
213,1213,○,○,○,不合格,1213,小松,浩介,こまつ,こうすけ,男,青山学院大学,経済学部,現代経済デザイン,komatsu_kousuke@example.com,073-972-9981,あつい
214,1214,○,△,△,不合格,1214,原口,草太,はらぐち,そうた,男,中央大学,経済学部,経済,haraguchi_souta@example.com,082-672-3962,かしこい
215,1215,○,◎,◎,不合格,1215,野沢,なぎさ,のざわ,なぎさ,女,中央大学,経済学部,経済,nozawa_nagisa@example.com,073-972-9982,つよい
216,1216,○,×,×,不合格,1216,高村,豊,たかむら,ゆたか,男,中央大学,経済学部,経済,takamura_yutaka@example.com,082-672-3963,さわやか
217,1217,○,○,○,不合格,1217,田沢,愛,たざわ,あい,女,中央大学,経済学部,経済,tazawa_ai@example.com,073-972-9983,あつい
218,1218,○,△,△,不合格,1218,市川,瞬,いちかわ,しゅん,女,中央大学,経済学部,経済,ichikawa_shun@example.com,082-672-3964,かしこい
219,1219,○,◎,◎,不合格,1219,寺島,裕次郎,てらじま,ゆうじろう,男,中央大学,経済学部,経済情報システム,terajima_yuujirou@example.com,073-972-9984,つよい
220,1220,○,×,×,不合格,1220,長野,俊二,ながの,しゅんじ,男,中央大学,経済学部,経済情報システム,nagano_shunji@example.com,082-672-3965,さわやか
221,1221,○,○,○,不合格,1221,西川,高史,にしかわ,たかし,男,中央大学,経済学部,経済情報システム,nishikawa_takashi@example.com,073-972-9981,あつい
222,1222,○,△,△,不合格,1222,浦野,広司,うらの,こうじ,男,中央大学,経済学部,公共・環境経済,urano_kouji@example.com,082-672-3962,かしこい
223,1223,○,◎,◎,不合格,1223,篠山,丈史,しのやま,たけし,男,中央大学,経済学部,公共・環境経済,shinoyama_takeshi@example.com,073-972-9982,つよい
224,1224,○,×,×,不合格,1224,篠田,直人,しのだ,なおと,男,中央大学,商学部,フレックス／フリーメジャー,shinoda_naoto@example.com,082-672-3963,さわやか
225,1225,○,○,○,不合格,1225,三木,知史,みき,ともふみ,男,中央大学,商学部,フレックス／会計,miki_tomofumi@example.com,073-972-9983,あつい
226,1226,○,△,△,不合格,1226,小堀,由樹,こほり,ゆき,女,中央大学,商学部,フレックス／会計,kohori_yuki@example.com,082-672-3964,かしこい
227,1227,○,◎,◎,不合格,1227,宮下,亜希,みやした,あき,女,中央大学,商学部,フレックス／会計,miyashita_aki@example.com,073-972-9984,つよい
228,1228,○,×,×,不合格,1228,小宮,真一,こみや,しんいち,男,中央大学,商学部,フレックス／金融,komiya_shinichi@example.com,082-672-3965,さわやか
229,1229,○,○,○,不合格,1229,三村,まみ,みむら,まみ,女,中央大学,商学部,フレックス／経営,mimura_mami@example.com,073-972-9985,あつい
230,1230,○,△,△,不合格,1230,戎,奈央,えびす,なお,女,中央大学,商学部,フレックス／経営,ebisu_nao@example.com,082-672-3966,かしこい
231,1231,○,◎,◎,不合格,1231,小田島,ケンイチ,おだじま,けんいち,男,中央大学,商学部,フレックス／経営,odajima_kenichi@example.com,073-972-9982,つよい
232,1232,○,×,×,不合格,1232,山崎,雅彦,やまざき,まさひこ,男,中央大学,商学部,フレックス／商業・貿易,yamazaki_masahiko@example.com,082-672-3963,さわやか
233,1233,○,○,○,不合格,1233,新村,幸子,にいむら,さちこ,女,中央大学,商学部,フレックス／商業・貿易,niimura_sachiko@example.com,073-972-9983,あつい
234,1234,○,△,△,不合格,1234,森山,洋,もりやま,よう,男,中央大学,商学部,フレックス／商業・貿易,moriyama_you@example.com,082-672-3964,かしこい
235,1235,○,◎,◎,不合格,1235,芦屋,郁恵,あしや,いくえ,女,東京理科大学,経営学部,ビジネスエコノミクス,ashiya_ikue@example.com,073-972-9984,つよい
236,1236,○,×,×,不合格,1236,北川,貴美子,きたがわ,きみこ,女,東京理科大学,経営学部,ビジネスエコノミクス,kitagawa_kimiko@example.com,082-672-3965,さわやか
237,1237,○,○,○,不合格,1237,柴田,草太,しばた,そうた,男,武蔵大学,経済学部,金融,shibata_souta@example.com,073-972-9985,あつい
238,1238,○,△,△,不合格,1238,谷本,雅彦,たにもと,まさひこ,男,武蔵大学,経済学部,経営,tanimoto_masahiko@example.com,082-672-3966,かしこい
239,1239,○,◎,◎,不合格,1239,森川,春樹,もりかわ,はるき,女,武蔵大学,経済学部,経済,morikawa_haruki@example.com,073-972-9986,つよい
240,1240,○,×,×,不合格,1240,大竹,美里,おおたけ,みり,女,法政大学,経営学部,経営,ootake_miri@example.com,082-672-3967,さわやか
241,1241,○,○,○,不合格,1241,梅原,昌代,うめはら,まさよ,女,法政大学,経営学部,経営戦略,umehara_masayo@example.com,073-972-9983,あつい
242,1242,○,△,△,不合格,1242,柏木,新太,かしわぎ,あらた,男,法政大学,経営学部,経営戦略,kashiwagi_arata@example.com,073-972-9986,かしこい
243,1243,○,◎,◎,不合格,1243,合田,悟志,あいだ,さとし,男,法政大学,経営学部,市場経営,aida_satoshi@example.com,082-672-3967,つよい
244,1244,○,×,×,不合格,1244,富樫,明,とがし,あきら,男,法政大学,経済学部,経済,togashi_akira@example.com,073-972-9987,さわやか
245,1245,○,○,○,不合格,1245,高木,一哉,たかぎ,かずや,男,立教大学,経済学部,会計ファイナンス,takagi_kazuya@example.com,082-672-3968,あつい
246,1246,○,△,△,不合格,1246,木村,一樹,きむら,かずき,男,立教大学,経済学部,会計ファイナンス,kimura_kazuki@example.com,073-972-9984,かしこい
247,1247,○,◎,◎,不合格,1247,小玉,莉沙,こだま,りさ,女,立教大学,経済学部,会計ファイナンス,kodama_risa@example.com,073-972-9987,つよい
248,1248,○,×,×,不合格,1248,早川,麻緒,はやかわ,まお,女,立教大学,経済学部,経済,hayakawa_mao@example.com,082-672-3968,さわやか
249,1249,○,○,○,不合格,1249,倉田,めぐみ,くらた,めぐみ,女,立教大学,経済学部,経済政策,kurata_megumi@example.com,073-972-9988,あつい
250,1250,○,△,△,不合格,1250,川合,芳正,かわい,よしまさ,男,國學院大学,経済学部,経営,kawai_yoshimasa@example.com,082-672-3969,かしこい
251,1251,○,◎,◎,不合格,1251,唐沢,優,からさわ,ゆう,女,成城大学,経済学部,経営,karasawa_yuu@example.com,073-972-9985,つよい
252,1252,○,×,×,不合格,1252,滝本,瞬,たきもと,しゅん,女,成城大学,経済学部,経営,takimoto_shun@example.com,073-972-9988,さわやか
253,1253,○,○,○,不合格,1253,川原,雅之,かわはら,まさゆき,男,成城大学,経済学部,経済,kawahara_masayuki@example.com,082-672-3969,あつい
254,1254,○,△,△,不合格,1254,岡田,充則,おかだ,みつのり,男,成城大学,経済学部,経済,okada_mitsunori@example.com,073-972-9989,かしこい
255,1255,○,◎,◎,不合格,1255,広末,夏空,ひろすえ,そら,女,成蹊大学,経済学部,経済経営,hirosue_sora@example.com,082-672-3970,つよい
256,1256,○,×,×,不合格,1256,石沢,裕次郎,いしざわ,ゆうじろう,男,成蹊大学,経済学部,経済経営,ishizawa_yuujirou@example.com,073-972-9986,さわやか
257,1257,○,○,○,不合格,1257,深谷,瞬,ふかや,しゅん,男,成蹊大学,経済学部,経済経営,fukaya_shun@example.com,073-972-9989,あつい
258,1258,○,△,△,不合格,1258,篠原,博之,しのはら,ひろゆき,男,中央大学,経済学部,経済情報システム,shinohara_hiroyuki@example.com,082-672-3970,かしこい
259,1259,○,◎,◎,不合格,1259,沢井,恭子,さわい,きょうこ,女,中央大学,経済学部,経済情報システム,sawai_kyouko@example.com,073-972-9990,つよい
260,1260,○,×,×,不合格,1260,武藤,優,むとう,ゆう,女,中央大学,経済学部,公共・環境経済,mutou_yuu@example.com,082-672-3971,さわやか
261,1261,○,○,○,不合格,1261,山元,雅之,やまもと,まさゆき,男,中央大学,経済学部,公共・環境経済,yamamoto_masayuki@example.com,073-972-9987,あつい
262,1262,○,△,△,不合格,1262,川添,賢治,かわぞえ,けんじ,男,中央大学,経済学部,公共・環境経済,kawazoe_kenji@example.com,073-972-9990,かしこい
263,1263,○,◎,◎,合格,1263,松浦,咲,まつうら,さき,女,中央大学,商学部,フレックス／金融,matsuura_saki@example.com,082-672-3971,つよい
264,1264,○,×,×,不合格,1264,細野,勇太,ほその,ゆうた,男,中央大学,商学部,フレックス／金融,hosono_yuuta@example.com,073-972-9991,さわやか
265,1265,○,○,○,不合格,1265,宇田川,勇,うだがわ,ゆう,女,東京女子大学,現代教養学部,国際社会／経済学,udagawa_yuu@example.com,082-672-3972,あつい
266,1266,○,△,△,不合格,1266,高岡,亮,たかおか,りょう,男,東京理科大学,経営学部,ビジネスエコノミクス,takaoka_ryou@example.com,073-972-9988,かしこい
267,1267,○,◎,◎,不合格,1267,桑田,広司,くわた,こうじ,男,東京理科大学,経営学部,経営,kuwata_kouji@example.com,073-972-9991,つよい
268,1268,○,×,×,不合格,1268,荻原,育二,はぎわら,いくじ,男,東洋大学,経営学部,マーケティング,hagiwara_ikuji@example.com,082-672-3972,さわやか
269,1269,○,○,○,不合格,1269,有田,康文,ありた,やすふみ,男,東洋大学,経済学部,経済,arita_yasufumi@example.com,073-972-9992,あつい
270,1270,○,△,△,不合格,1270,佐野,美帆,さの,みほ,女,東洋大学,経済学部,経済,sano_miho@example.com,082-672-3973,かしこい
271,1271,○,◎,◎,不合格,1271,西口,花緑,にしぐち,かろく,男,武蔵大学,経済学部,金融,nishiguchi_karoku@example.com,073-972-9989,つよい
272,1272,○,×,×,不合格,1272,前原,未來,まえはら,みらい,女,武蔵大学,経済学部,経営,maehara_mirai@example.com,073-972-9992,さわやか
273,1273,○,○,○,不合格,1273,入江,恵望子,いりえ,えみこ,女,武蔵大学,経済学部,経済,irie_emiko@example.com,082-672-3973,あつい
274,1274,○,△,△,不合格,1274,西脇,小百合,にしわき,さゆり,女,法政大学,経営学部,経営,nishiwaki_sayuri@example.com,073-972-9993,かしこい
275,1275,○,◎,◎,不合格,1275,吉川,進,きっかわ,すすむ,男,法政大学,経営学部,市場経営,kikkawa_susumu@example.com,082-672-3974,つよい
276,1276,○,×,×,不合格,1276,佐野,晋也,さの,しんや,男,法政大学,経済学部,経済,sano_shinya@example.com,073-972-9990,さわやか
277,1277,○,○,○,不合格,1277,池田,仁晶,いけだ,ひろあき,男,明治学院大学,経済学部,経営,ikeda_hiroaki@example.com,073-972-9993,あつい
278,1278,○,△,△,不合格,1278,大西,竜次,おおにし,りゅうじ,男,多摩大学,グローバルスタディーズ学部,グローバルスタディーズ,oonishi_ryuuji@example.com,082-672-3974,かしこい
279,1279,○,◎,◎,不合格,1279,大谷,ひとみ,おおたに,ひとみ,女,拓殖大学,国際学部,国際,ootani_hitomi@example.com,073-972-9994,つよい
280,1280,○,×,×,不合格,1280,川原,由美子,かわはら,ゆみこ,女,東海大学,教養学部,国際,kawahara_yumiko@example.com,082-672-3975,さわやか
281,1281,○,○,○,不合格,1281,吉岡,俊二,よしおか,しゅんじ,男,東京経済大学,キャリアデザインプログラム,前期３教科,yoshioka_shunji@example.com,073-972-9991,あつい
282,1282,○,△,△,不合格,1282,柳沢,詩織,やなぎさわ,しおり,女,東京経済大学,コミュニケーション学部,コミュニケーション,yanagisawa_shiori@example.com,073-972-9994,かしこい
283,1283,○,◎,◎,不合格,1283,小柳,未來,こやなぎ,みらい,女,東洋英和女学院大学,国際社会学部,国際コミュニケーション,koyanagi_mirai@example.com,082-672-3975,つよい
284,1284,○,×,×,不合格,1284,小木,裕司,おぎ,ゆうじ,男,東洋英和女学院大学,国際社会学部,国際コミュニケーション,ogi_yuuji@example.com,073-972-9995,さわやか
285,1285,○,○,○,不合格,1285,古田,えみ,ふるた,えみ,女,東洋英和女学院大学,国際社会学部,国際社会,furuta_emi@example.com,082-672-3976,あつい
286,1286,○,△,△,不合格,1286,平尾,まなみ,ひらお,まなみ,女,東洋英和女学院大学,国際社会学部,国際社会,hirao_manami@example.com,073-972-9992,かしこい
287,1287,○,◎,◎,不合格,1287,本間,綾,ほんま,あや,女,武蔵野大学,人間科学部,社会福祉,honma_aya@example.com,073-972-9995,つよい
288,1288,○,×,×,不合格,1288,永瀬,昴,ながせ,すばる,男,文教大学,国際学部,国際観光,nagase_subaru@example.com,082-672-3976,さわやか
289,1289,○,○,○,不合格,1289,浅沼,建,あさぬま,けん,男,明星大学,人文学部,人間社会,asanuma_ken@example.com,073-972-9996,あつい
290,1290,○,△,△,不合格,1290,岩村,里穂,いわむら,りほ,女,明星大学,人文学部,福祉実践,iwamura_riho@example.com,082-672-3977,かしこい
291,1291,○,◎,◎,合格,1291,坂井,恵子,さかい,けいこ,女,関東学院大学,社会学部,現代社会,sakai_keiko@example.com,073-972-9993,つよい
292,1292,○,×,×,不合格,1292,戎,貴嶺,えびす,たかね,男,共立女子大学,国際学部,国際,ebisu_takane@example.com,073-972-9996,さわやか
293,1293,○,○,○,不合格,1293,成海,咲,なるみ,さき,女,国士舘大学,２１世紀アジア学部,２１世紀アジア,narumi_saki@example.com,082-672-3977,あつい
294,1294,○,△,△,不合格,1294,楠本,はるか,くすもと,はるか,女,桜美林大学,健康福祉学群,社会福祉,kusumoto_haruka@example.com,073-972-9997,かしこい
295,1295,○,◎,◎,不合格,1295,永瀬,美菜,ながせ,みな,女,桜美林大学,健康福祉学群,社会福祉,nagase_mina@example.com,082-672-3978,つよい
296,1296,○,×,×,不合格,1296,池田,菜々美,いけだ,ななみ,女,桜美林大学,健康福祉学群,精神保健福祉,ikeda_nanami@example.com,073-972-9994,さわやか
297,1297,○,○,○,不合格,1297,藤本,詩織,ふじもと,しおり,女,桜美林大学,健康福祉学群,精神保健福祉,fujimoto_shiori@example.com,073-972-9997,あつい
298,1298,○,△,△,不合格,1298,植田,将也,うえた,まさや,男,大妻女子大学,社会情報学部,社会情報／社会生活情報,ueta_masaya@example.com,082-672-3978,かしこい
299,1299,○,◎,◎,不合格,1299,柳,進,やなぎ,すすむ,男,大妻女子大学,人間関係学部,人間関係／社会学,yanagi_susumu@example.com,073-972-9998,つよい
300,1300,○,×,×,不合格,1300,戸田,怜奈,とだ,れいな,女,大正大学,人間学部,社会福祉,toda_reina@example.com,082-672-3979,さわやか
301,1301,○,○,○,不合格,1301,落合,真吾,おちあい,しんご,男,大東文化大学,国際関係学部,国際関係,ochiai_shingo@example.com,073-972-9995,あつい
302,1302,○,△,△,不合格,1302,宇田川,杏,うだがわ,あん,女,東海大学,健康科学部,社会福祉,udagawa_ann@example.com,073-972-9998,かしこい
303,1303,○,◎,◎,不合格,1303,樋口,右京,ひぐち,うきょう,男,東洋大学,社会学部２部,社会,higuchi_ukyou@example.com,082-672-3979,つよい
304,1304,○,×,×,不合格,1304,福島,洋介,ふくしま,ようすけ,男,二松學舍大学,国際政治経済学部,国際政治経済,fukushima_yousuke@example.com,073-972-9999,さわやか
305,1305,○,○,○,不合格,1305,黒崎,さやか,くろさき,さやか,女,文教大学,国際学部,国際観光,kurosaki_sayaka@example.com,082-672-3980,あつい
306,1306,○,△,△,不合格,1306,田口,涼,たぐち,りょう,女,亜細亜大学,都市創造学部,都市創造,taguchi_ryou@example.com,073-972-9996,かしこい
307,1307,○,◎,◎,不合格,1307,細川,美紀,ほそかわ,みき,女,亜細亜大学,都市創造学部,都市創造,hosokawa_miki@example.com,073-972-9999,つよい
308,1308,○,×,×,不合格,1308,千葉,崇史,ちば,たかし,男,茨城キリスト教大学,生活科学部,心理福祉,chiba_takashi@example.com,082-672-3980,さわやか
309,1309,○,○,○,不合格,1309,金山,さゆり,かなやま,さゆり,女,関東学院大学,社会学部,現代社会,kanayama_sayuri@example.com,073-972-10000,あつい
310,1310,○,△,△,不合格,1310,薬師丸,彩華,やくしまる,あやか,女,関東学院大学,社会学部,現代社会,yakushimaru_ayaka@example.com,082-672-3981,かしこい
311,1311,○,◎,◎,不合格,1311,荒木,奈月,あらき,なつき,女,共愛学園前橋国際大学,国際社会学部,国際社会,araki_natsuki@example.com,073-972-9997,つよい
312,1312,○,×,×,不合格,1312,二宮,法嗣,にのみや,ほうし,男,群馬医療福祉大学,社会福祉学部,子ども,ninomiya_houshi@example.com,073-972-10000,さわやか
313,1313,○,○,○,不合格,1313,三島,桃子,みしま,ももこ,女,恵泉女学園大学,人間社会学部,現代社会,mishima_momoko@example.com,082-672-3981,あつい
314,1314,○,△,△,不合格,1314,木原,奈月,きはら,なつき,女,敬愛大学,国際学部,国際,kihara_natsuki@example.com,073-972-10001,かしこい
315,1315,○,◎,◎,不合格,1315,平川,光,ひらかわ,ひかる,男,国士舘大学,２１世紀アジア学部,２１世紀アジア,hirakawa_hikaru@example.com,082-672-3982,つよい
316,1316,○,×,×,不合格,1316,橘,大五郎,たちばな,だいごろう,男,淑徳大学,総合福祉学部,社会福祉,tachibana_daigorou@example.com,073-972-9998,さわやか
317,1317,○,○,○,不合格,1317,下山,優,しもやま,ゆう,男,千葉商科大学,国際教養学部,国際教養,shimoyama_yuu@example.com,073-972-10001,あつい
318,1318,○,△,△,不合格,1318,平良,未華子,ひらら,みかこ,女,千葉商科大学,人間社会学部,人間社会,hirara_mikako@example.com,082-672-3982,かしこい
319,1319,○,◎,◎,不合格,1319,福地,洋介,ふくち,ようすけ,男,千葉商科大学,人間社会学部,人間社会,fukuchi_yousuke@example.com,073-972-10002,つよい
320,1320,○,×,×,不合格,1320,塚原,良介,つかはら,りょうすけ,男,大妻女子大学,人間関係学部,人間福祉／人間福祉学,tsukahara_ryousuke@example.com,082-672-3983,さわやか
321,1321,○,○,○,不合格,1321,瀬戸,達士,せと,たつひと,男,大正大学,人間学部,社会福祉,seto_tatsuhito@example.com,073-972-9999,あつい
322,1322,○,△,△,不合格,1322,奥村,晋也,おくむら,しんや,男,大東文化大学,国際関係学部,国際関係,okumura_shinya@example.com,073-972-10002,かしこい
323,1323,○,◎,◎,不合格,1323,山西,満,やまにし,みつる,男,帝京平成大学,現代ライフ学部,観光経営,yamanishi_mitsuru@example.com,082-672-3983,つよい
324,1324,○,×,×,不合格,1324,鎌田,敏也,かまた,としや,男,帝京平成大学,現代ライフ学部,人間文化／社会福祉,kamata_toshiya@example.com,073-972-10003,さわやか
325,1325,○,○,○,不合格,1325,井沢,礼子,いざわ,れいこ,女,田園調布学園大学,人間福祉学部,心理福祉,izawa_reiko@example.com,082-672-3984,あつい
326,1326,○,△,△,不合格,1326,藤井,聡,ふじい,さとし,男,東洋大学,社会学部２部,社会,fujii_satoshi@example.com,073-972-10000,かしこい
327,1327,○,◎,◎,不合格,1327,本多,大樹,ほんだ,ひろき,男,白梅学園大学,子ども学部,家族・地域支援,honnda_hiroki@example.com,073-972-10003,つよい
328,1328,○,×,×,不合格,1328,小西,知世,こにし,ちせ,女,明星大学,人文学部,人間社会,konishi_chise@example.com,082-672-3984,さわやか
329,1329,○,○,○,不合格,1329,塩谷,美希,しおや,みき,女,明星大学,人文学部,福祉実践,shioya_miki@example.com,073-972-10004,あつい
330,1330,○,△,△,不合格,1330,原,法子,はら,のりこ,女,目白大学,社会学部,社会情報,hara_noriko@example.com,082-672-3985,かしこい
331,1331,○,◎,◎,不合格,1331,中村,千夏,なかむら,ちなつ,女,立正大学,社会福祉学部,子ども教育福祉,nakamura_chinatsu@example.com,073-972-10001,つよい
332,1332,○,×,×,不合格,1332,岩谷,フミヤ,いわたに,ふみや,男,和光大学,現代人間学部,現代社会,iwatani_fumiya@example.com,073-972-10004,さわやか
333,1333,○,○,○,不合格,1333,米田,美咲,よねだ,みさき,女,ルーテル学院大学,総合人間学部,人間福祉心理,yoneda_misaki@example.com,082-672-3985,あつい
334,1334,○,△,△,不合格,1334,平沢,和久,ひらさわ,かずひさ,男,ルーテル学院大学,総合人間学部,人間福祉心理,hirasawa_kazuhisa@example.com,073-972-10005,かしこい
335,1335,○,◎,◎,不合格,1335,浅井,優,あさい,ゆう,女,ルーテル学院大学,総合人間学部,人間福祉心理,asai_yuu@example.com,082-672-3986,つよい
336,1336,○,×,×,不合格,1336,三村,哲平,みむら,てっぺい,男,亜細亜大学,都市創造学部,都市創造,mimura_teppei@example.com,073-972-10002,さわやか
337,1337,○,○,○,不合格,1337,藤井,麻緒,ふじい,まお,女,群馬医療福祉大学,社会福祉学部,社会福祉,fujii_mao@example.com,073-972-10005,あつい
338,1338,○,△,△,不合格,1338,西本,真一,にしもと,しんいち,男,恵泉女学園大学,人間社会学部,国際社会,nishimoto_shinichi@example.com,082-672-3986,かしこい
339,1339,○,◎,◎,不合格,1339,池内,耕司,いけうち,こうじ,男,江戸川大学,メディアコミュニケーション学部,マス・コミュニケーション,ikeuchi_kouji@example.com,073-972-10006,つよい
340,1340,○,×,×,不合格,1340,奥村,裕司,おくむら,ゆうじ,男,江戸川大学,社会学部,現代社会,okumura_yuuji@example.com,082-672-3987,さわやか
341,1341,○,○,○,不合格,1341,及川,法嗣,おいかわ,ほうし,男,高崎健康福祉大学,健康福祉学部,医療情報,oikawa_houshi@example.com,073-972-10003,あつい
342,1342,○,△,△,不合格,1342,福岡,完爾,ふくおか,かんじ,男,高崎健康福祉大学,健康福祉学部,社会福祉,fukuoka_kanji@example.com,073-972-10006,かしこい
343,1343,○,◎,◎,不合格,1343,邑野,ちえみ,むらの,ちえみ,女,国士舘大学,２１世紀アジア学部,２１世紀アジア,murano_chiemi@example.com,082-672-3987,つよい
344,1344,○,×,×,不合格,1344,海老原,恵子,えびはら,けいこ,女,秀明大学,観光ビジネス学部,観光ビジネス,ebihara_keiko@example.com,073-972-10007,さわやか
345,1345,○,○,○,不合格,1345,坂元,美希,さかもと,みき,女,城西国際大学,観光学部,ウェルネスツーリズム,sakamoto_miki@example.com,082-672-3988,あつい
346,1346,○,△,△,不合格,1346,高井,窈,たかい,よう,女,城西国際大学,国際人文学部,国際交流,takai_you@example.com,073-972-10004,かしこい
347,1347,○,◎,◎,不合格,1347,黒崎,雅功,くろさき,まさとし,男,城西国際大学,福祉総合学部,福祉総合,kurosaki_masatoshi@example.com,073-972-10007,つよい
348,1348,○,×,×,不合格,1348,窪塚,誠治,くぼづか,せいじ,男,城西国際大学,福祉総合学部,福祉総合／介護福祉,kuboduka_seiji@example.com,082-672-3988,さわやか
349,1349,○,○,○,不合格,1349,松川,徹平,まつかわ,てっぺい,男,城西国際大学,福祉総合学部,福祉総合／介護福祉,matsukawa_teppei@example.com,073-972-10008,あつい
350,1350,○,△,△,不合格,1350,会田,恵梨香,あいだ,えりか,女,城西国際大学,福祉総合学部,福祉総合／子ども福祉,aida_erika@example.com,082-672-3989,かしこい
351,1351,○,◎,◎,合格,1351,ほしの,詩織,ほしの,しおり,女,城西国際大学,福祉総合学部,福祉総合／子ども福祉,hoshino_shiori@example.com,073-972-10005,つよい
352,1352,○,×,×,不合格,1352,滝,桃子,たき,ももこ,女,常磐大学,コミュニティ振興学部,ヒューマンサービス,taki_momoko@example.com,073-972-10008,さわやか
353,1353,○,○,○,不合格,1353,若山,啓介,わかやま,けいすけ,男,常磐大学,人間科学部,コミュニケーション,wakayama_keisuke@example.com,082-672-3989,あつい
354,1354,○,△,△,不合格,1354,西浦,了,にしうら,りょう,男,聖学院大学,人間福祉学部,人間福祉,nishiura_ryou@example.com,073-972-10009,かしこい
355,1355,○,◎,◎,不合格,1355,根岸,恵梨香,ねぎし,えりか,女,聖徳大学,心理・福祉学部,社会福祉,negishi_erika@example.com,082-672-3990,つよい
356,1356,○,×,×,不合格,1356,大竹,真奈美,おおたけ,まなみ,女,聖徳大学,心理・福祉学部,社会福祉,ootake_manami@example.com,073-972-10006,さわやか
357,1357,○,○,○,不合格,1357,小椋,千佳子,おぐら,ちかこ,女,跡見学園女子大学,観光コミュニティ学部,観光デザイン,ogura_chikako@example.com,073-972-10009,あつい
358,1358,○,△,△,不合格,1358,梅原,美佳,うめはら,みか,女,跡見学園女子大学,観光コミュニティ学部,観光デザイン,umehara_mika@example.com,082-672-3990,かしこい
359,1359,○,◎,◎,不合格,1359,豊島,美希,とよしま,みき,女,千葉商科大学,国際教養学部,国際教養,toyoshima_miki@example.com,073-972-10010,つよい
360,1360,○,×,×,不合格,1360,村瀬,慶二,むらせ,けいじ,男,相模女子大学,人間社会学部,社会マネジメント,murase_keiji@example.com,082-672-3991,さわやか
361,1361,○,○,○,不合格,1361,石井,杏,いしい,あん,女,多摩大学,グローバルスタディーズ学部,グローバルスタディーズ,ishii_ann@example.com,073-972-10007,あつい
362,1362,○,△,△,不合格,1362,高松,幸子,たかまつ,さちこ,女,帝京科学大学,医療科学部,医療福祉,takamatsu_sachiko@example.com,073-972-10010,かしこい
363,1363,○,◎,◎,不合格,1363,武内,直人,たけうち,なおと,男,帝京大学,文学部,社会,takeuchi_naoto@example.com,082-672-3991,つよい
364,1364,○,×,×,不合格,1364,稲葉,博之,いなば,ひろゆき,男,帝京平成大学,現代ライフ学部,人間文化／グローバルコミュニケーション,inaba_hiroyuki@example.com,073-972-10011,さわやか
365,1365,○,○,○,不合格,1365,秋田,麗奈,あきた,れな,女,田園調布学園大学,人間福祉学部,社会福祉／介護福祉,akita_rena@example.com,082-672-3992,あつい
366,1366,○,△,△,不合格,1366,岩佐,誠一,いわさ,せいいち,男,田園調布学園大学,人間福祉学部,社会福祉／社会福祉,iwasa_seiichi@example.com,073-972-10008,かしこい
367,1367,○,◎,◎,不合格,1367,島本,薫,しまもと,かおる,女,東京家政学院大学,現代生活学部,人間福祉,shimamoto_kaoru@example.com,073-972-10011,つよい
368,1368,○,×,×,不合格,1368,田原,知史,たはら,ともふみ,男,東京国際大学,国際関係学部,国際メディア,tahara_tomofumi@example.com,082-672-3992,さわやか
369,1369,○,○,○,不合格,1369,大矢,みき,おおや,みき,女,東京国際大学,国際関係学部,国際メディア,ooya_miki@example.com,073-972-10012,あつい
370,1370,○,△,△,不合格,1370,石田,寿明,いしだ,としあき,男,東京国際大学,人間社会学部,福祉心理,ishida_toshiaki@example.com,082-672-3993,かしこい
371,1371,○,◎,◎,不合格,1371,青山,友香,あおやま,ともか,女,東京国際大学,人間社会学部,福祉心理,aoyama_tomoka@example.com,073-972-10009,つよい
372,1372,○,×,×,不合格,1372,玉田,莉緒,たまだ,りお,女,東京福祉大学,社会福祉学部,社会福祉／介護福祉,tamada_rio@example.com,073-972-10012,さわやか
373,1373,○,○,○,不合格,1373,渡辺,さやか,わたなべ,さやか,女,東京福祉大学,社会福祉学部,社会福祉／介護福祉,watanabe_sayaka@example.com,082-672-3993,あつい
374,1374,○,△,△,不合格,1374,堀田,努,ほった,つとむ,男,東京福祉大学,社会福祉学部,社会福祉／経営福祉,hotta_tsutomu@example.com,073-972-10013,かしこい
375,1375,○,◎,◎,不合格,1375,さだ,佳乃,さだ,よしの,女,東京福祉大学,社会福祉学部,社会福祉／経営福祉,sada_yoshino@example.com,082-672-3994,つよい
376,1376,○,×,×,不合格,1376,磯村,博之,いそむら,ひろゆき,男,東京福祉大学,社会福祉学部,社会福祉／社会福祉,isomura_hiroyuki@example.com,073-972-10010,さわやか
377,1377,○,○,○,不合格,1377,飛田,璃子,ひだ,りこ,女,東京福祉大学,社会福祉学部,社会福祉／社会福祉,hida_riko@example.com,073-972-10013,あつい
378,1378,○,△,△,不合格,1378,坂本,人志,さかもと,ひとし,男,東京福祉大学,社会福祉学部,社会福祉／精神保健福祉,sakamoto_hitoshi@example.com,082-672-3994,かしこい
379,1379,○,◎,◎,不合格,1379,森下,恵梨香,もりした,えりか,女,東京福祉大学,社会福祉学部,社会福祉／精神保健福祉,morishita_erika@example.com,073-972-10014,つよい
380,1380,○,×,×,不合格,1380,阪口,奈々,さかぐち,なな,女,東洋大学,社会学部２部,社会福祉,sakaguchi_nana@example.com,082-672-3995,さわやか
381,1381,○,○,○,不合格,1381,清田,コウ,きよた,こう,女,白梅学園大学,子ども学部,家族・地域支援,kiyota_kou@example.com,073-972-10011,あつい
382,1382,○,△,△,不合格,1382,日下部,あさみ,くさかべ,あさみ,女,武蔵野学院大学,国際コミュニケーション学部,国際コミュニケーション,kusakabe_asami@example.com,073-972-10014,かしこい
383,1383,○,◎,◎,不合格,1383,福地,窈,ふくち,よう,女,文京学院大学,人間学部,コミュニケーション社会,fukuchi_you@example.com,082-672-3995,つよい
384,1384,○,×,×,不合格,1384,高崎,博之,たかさき,ひろゆき,男,文京学院大学,人間学部,人間福祉,takasaki_hiroyuki@example.com,073-972-10015,さわやか
385,1385,○,○,○,不合格,1385,柴咲,直人,しばさき,なおと,男,明海大学,ホスピタリティ・ツーリズム学部,ホスピタリティ・ツーリズム,shibasaki_naoto@example.com,082-672-3996,あつい
386,1386,○,△,△,不合格,1386,水島,莉沙,みずしま,りさ,女,目白大学,社会学部,地域社会,mizushima_risa@example.com,073-972-10012,かしこい
387,1387,○,◎,◎,不合格,1387,相原,宏行,あいはら,ひろゆき,男,目白大学,人間学部,人間福祉,aihara_hiroyuki@example.com,073-972-10015,つよい
388,1388,○,×,×,不合格,1388,平山,真吾,ひらやま,しんご,男,流通経済大学,社会学部,国際観光,hirayama_shingo@example.com,082-672-3996,さわやか
389,1389,○,○,○,不合格,1389,塩田,亜希,しおた,あき,女,流通経済大学,社会学部,国際観光,shiota_aki@example.com,073-972-10016,あつい
390,1390,○,△,△,不合格,1390,若槻,景子,わかつき,けいこ,女,流通経済大学,社会学部,国際観光,wakatsuki_keiko@example.com,082-672-3997,かしこい
391,1391,○,◎,◎,不合格,1391,喜多,豊,きた,ゆたか,男,流通経済大学,社会学部,社会,kita_yutaka@example.com,073-972-10013,つよい
392,1392,○,×,×,不合格,1392,大原,竜也,おおはら,たつや,男,流通経済大学,社会学部,社会,oohara_tatsuya@example.com,073-972-10016,さわやか
393,1393,○,○,○,合格,1393,門田,六郎,かどた,ろくろう,男,流通経済大学,社会学部,社会,kadota_rokurou@example.com,082-672-3997,あつい
394,1394,○,△,△,不合格,1394,若松,樹里,わかまつ,じゅり,女,和光大学,現代人間学部,現代社会,wakamatsu_juri@example.com,073-972-10017,かしこい
395,1395,○,◎,◎,不合格,1395,美木,兼,みき,けん,男,慶應義塾大学,理工学部,学門１,miki_ken@example.com,082-672-3998,つよい
396,1396,○,×,×,不合格,1396,若杉,めぐみ,わかすぎ,めぐみ,女,早稲田大学,教育学部,理／生物学,wakasugi_megumi@example.com,073-972-10014,さわやか
397,1397,○,○,○,不合格,1397,山中,はるか,やまなか,はるか,女,早稲田大学,先進理工学部,化学・生命化学,yamanaka_haruka@example.com,073-972-10017,あつい
398,1398,○,△,△,不合格,1398,山上,米蔵,やまがみ,よねぞう,男,早稲田大学,先進理工学部,物理,yamagami_yonezou@example.com,082-672-3998,かしこい
399,1399,○,◎,◎,不合格,1399,河合,洋,かわい,よう,男,早稲田大学,基幹理工学部,学系Ⅰ,kawai_you@example.com,073-972-10018,つよい
400,1400,○,×,×,不合格,1400,国分,高史,こくぶん,たかし,男,早稲田大学,教育学部,数学,kokubunn_takashi@example.com,082-672-3999,さわやか
401,1401,○,○,○,不合格,1401,及川,ひろ子,おいかわ,ひろこ,女,早稲田大学,教育学部,理／地球科学,oikawa_hiroko@example.com,073-972-10015,あつい
402,1402,○,△,△,不合格,1402,石原,一哉,いしはら,かずや,男,東京理科大学,理学部,応用化学,ishihara_kazuya@example.com,073-972-10018,かしこい
403,1403,○,◎,◎,不合格,1403,水上,勝久,みずかみ,かつひさ,男,東京理科大学,理学部,応用化学,mizukami_katsuhisa@example.com,082-672-3999,つよい
404,1404,○,×,×,不合格,1404,阿部,育二,あべ,いくじ,男,東京理科大学,理学部,数学,abe_ikuji@example.com,073-972-10019,さわやか
405,1405,○,○,○,不合格,1405,原,翔子,はら,しょうこ,女,立教大学,理学部,生命理学,hara_shouko@example.com,082-672-4000,あつい
406,1406,○,△,△,不合格,1406,石井,さやか,いしい,さやか,女,早稲田大学,教育学部,理／地球科学地学,ishii_sayaka@example.com,073-972-10016,かしこい
407,1407,○,◎,◎,不合格,1407,中林,真奈美,なかばやし,まなみ,女,東京理科大学,理学部,化学,nakabayashi_manami@example.com,073-972-10019,つよい
408,1408,○,×,×,不合格,1408,長井,真奈美,ながい,まなみ,女,東京理科大学,理学部,化学,nagai_manami@example.com,082-672-4000,さわやか
409,1409,○,○,○,不合格,1409,滝本,夏希,たきもと,なつき,女,東京理科大学,理学部,物理,takimoto_natsuki@example.com,073-972-10020,あつい
410,1410,○,△,△,不合格,1410,梅沢,由宇,うめざわ,ゆう,女,東京理科大学,理学部,物理,umezawa_yuu@example.com,082-672-4001,かしこい
411,1411,○,◎,◎,合格,1411,山中,サンタマリア,やまなか,さんたまりあ,男,東京理科大学,理工学部,応用生物科学,yamanaka_stmaria@example.com,073-972-10017,つよい
412,1412,○,×,×,不合格,1412,浜野,丈雄,はまの,たけお,男,東京理科大学,理工学部,応用生物科学,hamano_takeo@example.com,073-972-10020,さわやか
413,1413,○,○,○,不合格,1413,小町,一哉,こまち,かずや,男,東京理科大学,理工学部,物理,komachi_kazuya@example.com,082-672-4001,あつい
414,1414,○,△,△,不合格,1414,麻生,なつみ,あそう,なつみ,女,立教大学,理学部,生命理学,asou_natsumi@example.com,073-972-10021,かしこい
415,1415,○,◎,◎,不合格,1415,岡本,亜希,おかもと,あき,女,芝浦工業大学,システム理工学部,生命科学／生命科学,okamoto_aki@example.com,082-672-4002,つよい
416,1416,○,×,×,不合格,1416,柄本,博之,えもと,ひろゆき,男,青山学院大学,理工学部,化学・生命科学,emoto_hiroyuki@example.com,073-972-10018,さわやか
417,1417,○,○,○,不合格,1417,宇佐美,芽以,うさみ,めい,女,青山学院大学,理工学部,化学・生命科学,usami_mei@example.com,073-972-10021,あつい
418,1418,○,△,△,不合格,1418,榊原,莉央,さかきばら,りお,女,青山学院大学,理工学部,化学・生命科学,sakakibara_rio@example.com,082-672-4002,かしこい
419,1419,○,◎,◎,不合格,1419,亀山,まさみ,かめやま,まさみ,女,中央大学,理工学部,生命科学,kameyama_masami@example.com,073-972-10022,つよい
420,1420,○,×,×,不合格,1420,熊倉,豊,くまくら,ゆたか,男,中央大学,理工学部,生命科学,kumakura_yutaka@example.com,082-672-4003,さわやか
421,1421,○,○,○,不合格,1421,後藤,なぎさ,ごとう,なぎさ,女,中央大学,理工学部,物理,gotou_nagisa@example.com,073-972-10019,あつい
422,1422,○,△,△,不合格,1422,二宮,建,にのみや,けん,男,東京理科大学,理学部,応用数学,ninomiya_ken@example.com,073-972-10022,かしこい
423,1423,○,◎,◎,不合格,1423,神保,愛菜,じんぼ,あいな,女,東京理科大学,理学部,応用数学,jinbo_aina@example.com,082-672-4003,つよい
424,1424,○,×,×,不合格,1424,花岡,明慶,はなおか,あきよし,男,東京理科大学,理学部,応用物理,hanaoka_akiyoshi@example.com,073-972-10023,さわやか
425,1425,○,○,○,不合格,1425,市田,博之,いちだ,ひろゆき,男,東京理科大学,理学部,数学,ichida_hiroyuki@example.com,082-672-4004,あつい
426,1426,○,△,△,不合格,1426,日野,結子,ひの,ゆうこ,女,東京理科大学,理工学部,物理,hino_yuuko@example.com,073-972-10020,かしこい
427,1427,○,◎,◎,不合格,1427,小西,真一,こにし,しんいち,男,北里大学,理学部,生物科学,konishi_shinichi@example.com,073-972-10023,つよい
428,1428,○,×,×,不合格,1428,山上,美希,やまがみ,みき,女,明治大学,総合数理学部,ネットワークデザイン,yamagami_miki@example.com,082-672-4004,さわやか
429,1429,○,○,○,不合格,1429,平野,公顕,ひらの,きみあき,男,明治大学,総合数理学部,現象数理,hirano_kimiaki@example.com,073-972-10024,あつい
430,1430,○,△,△,不合格,1430,戸塚,草太,とづか,そうた,男,明治大学,総合数理学部,先端メディアサイエンス,toduka_souta@example.com,082-672-4005,かしこい
431,1431,○,◎,◎,不合格,1431,曽我,長利,そが,ながとし,男,明治大学,理工学部,数学,soga_nagatoshi@example.com,073-972-10021,つよい
432,1432,○,×,×,不合格,1432,稲田,晃司,いなだ,こうじ,男,明治大学,理工学部,数学,inada_kouji@example.com,073-972-10024,さわやか
433,1433,○,○,○,不合格,1433,横尾,ひかり,よこお,ひかり,女,明治大学,理工学部,物理,yokoo_hikari@example.com,082-672-4005,あつい
434,1434,○,△,△,不合格,1434,一青,恵麻,ひとと,えま,女,立教大学,理学部,化学,hitoto_ema@example.com,073-972-10025,かしこい
435,1435,○,◎,◎,不合格,1435,小泉,和香,こいずみ,わか,女,立教大学,理学部,化学,koizumi_waka@example.com,082-672-4006,つよい
436,1436,○,×,×,不合格,1436,三沢,美佐子,みさわ,みさこ,女,立教大学,理学部,化学,misawa_misako@example.com,073-972-10022,さわやか
437,1437,○,○,○,不合格,1437,鶴田,はるみ,つるた,はるみ,女,立教大学,理学部,数学,tsuruta_harumi@example.com,073-972-10025,あつい
438,1438,○,△,△,不合格,1438,成田,光臣,なりた,みつおみ,男,立教大学,理学部,数学,narita_mitsuomi@example.com,082-672-4006,かしこい
439,1439,○,◎,◎,不合格,1439,水口,窈,みずぐち,よう,女,立教大学,理学部,数学,mizuguchi_you@example.com,073-972-10026,つよい
440,1440,○,×,×,不合格,1440,中井,勇,なかい,ゆう,女,立教大学,理学部,生命理学,nakai_yuu@example.com,082-672-4007,さわやか
441,1441,○,○,○,不合格,1441,吉岡,六郎,よしおか,ろくろう,男,立教大学,理学部,物理,yoshioka_rokurou@example.com,073-972-10023,あつい
442,1442,○,△,△,不合格,1442,中村,真一,なかむら,しんいち,男,学習院大学,理学部,化学,nakamura_shinichi@example.com,073-972-10026,かしこい
443,1443,○,◎,◎,不合格,1443,吉崎,満,よしざき,みつる,男,学習院大学,理学部,生命科学,yoshizaki_mitsuru@example.com,082-672-4007,つよい
444,1444,○,×,×,不合格,1444,宮野,隆博,みやの,たかひろ,男,芝浦工業大学,システム理工学部,数理科学,miyano_takahiro@example.com,073-972-10027,さわやか
445,1445,○,○,○,不合格,1445,西島,理紗,にしじま,りさ,女,青山学院大学,理工学部,物理・数理,nishijima_risa@example.com,082-672-4008,あつい
446,1446,○,△,△,不合格,1446,丸田,小百合,まるた,さゆり,女,青山学院大学,理工学部,物理・数理,maruta_sayuri@example.com,073-972-10024,かしこい
447,1447,○,◎,◎,不合格,1447,沖田,一輝,おきた,かずき,男,中央大学,理工学部,数学,okita_kazuki@example.com,073-972-10027,つよい
448,1448,○,×,×,不合格,1448,米倉,仁晶,よねくら,ひろあき,男,中央大学,理工学部,数学,yonekura_hiroaki@example.com,082-672-4008,さわやか
449,1449,○,○,○,不合格,1449,村田,信吾,むらた,しんご,男,中央大学,理工学部,物理,murata_shingo@example.com,073-972-10028,あつい
450,1450,○,△,△,不合格,1450,吹石,はるか,ふきいし,はるか,女,東京理科大学,理学部,応用物理,fukiishi_haruka@example.com,082-672-4009,かしこい
451,1451,○,◎,◎,不合格,1451,大坂,えみ,おおさか,えみ,女,東京理科大学,理工学部,数学,oosaka_emi@example.com,073-972-10025,つよい
452,1452,○,×,×,不合格,1452,川中,徹,かわなか,とおる,男,東京理科大学,理工学部,数学,kawanaka_tooru@example.com,073-972-10028,さわやか
453,1453,○,○,○,不合格,1453,川原,哲平,かわはら,てっぺい,男,日本女子大学,理学部,物質生物科学,kawahara_teppei@example.com,082-672-4009,あつい
454,1454,○,△,△,不合格,1454,湊,菜摘,みなと,なつみ,女,法政大学,理工学部,創生科学,minato_natsumi@example.com,073-972-10029,かしこい
455,1455,○,◎,◎,不合格,1455,下村,建,しもむら,けん,男,北里大学,理学部,化学,shimomura_ken@example.com,082-672-4010,つよい
456,1456,○,×,×,不合格,1456,満島,エリカ,みつしま,えりか,女,明治大学,総合数理学部,ネットワークデザイン,mitsushima_erika@example.com,073-972-10026,さわやか
457,1457,○,○,○,不合格,1457,内山,陽子,うちやま,ようこ,女,明治大学,総合数理学部,現象数理,uchiyama_youko@example.com,073-972-10029,あつい
458,1458,○,△,△,不合格,1458,梅沢,里穂,うめざわ,りほ,女,明治大学,総合数理学部,先端メディアサイエンス,umezawa_riho@example.com,082-672-4010,かしこい
459,1459,○,◎,◎,合格,1459,岡田,亮介,おかだ,りょうすけ,男,明治大学,理工学部,物理,okada_ryousuke@example.com,073-972-10030,つよい
460,1460,○,×,×,不合格,1460,北沢,進,きたざわ,すすむ,男,立教大学,理学部,物理,kitazawa_susumu@example.com,082-672-4011,さわやか
461,1461,○,○,○,不合格,1461,長田,達士,ながた,たつひと,男,立教大学,理学部,物理,nagata_tatsuhito@example.com,073-972-10027,あつい
462,1462,○,△,△,不合格,1462,岡田,豊,おかだ,ゆたか,男,学習院大学,理学部,数学,okada_yutaka@example.com,073-972-10030,かしこい
463,1463,○,◎,◎,不合格,1463,平松,涼,ひらまつ,りょう,女,学習院大学,理学部,物理,hiramatsu_ryou@example.com,082-672-4011,つよい
464,1464,○,×,×,不合格,1464,佐藤,俊二,さとう,しゅんじ,男,工学院大学,先進工学部,生命化学,satou_shunji@example.com,073-972-10031,さわやか
465,1465,○,○,○,不合格,1465,野崎,優一,のざき,ゆういち,男,工学院大学,先進工学部,生命化学,nozaki_yuuichi@example.com,082-672-4012,あつい
466,1466,○,△,△,不合格,1466,田沢,友香,たざわ,ともか,女,芝浦工業大学,システム理工学部,数理科学,tazawa_tomoka@example.com,073-972-10028,かしこい
467,1467,○,◎,◎,不合格,1467,下山,昴,しもやま,すばる,男,芝浦工業大学,システム理工学部,生命科学／生命科学,shimoyama_subaru@example.com,073-972-10031,つよい
468,1468,○,×,×,不合格,1468,海音寺,公顕,かいおんじ,きみあき,男,青山学院大学,理工学部,物理・数理,kaionji_kimiaki@example.com,082-672-4012,さわやか
469,1469,○,○,○,不合格,1469,久保田,祐基,くぼた,ゆうき,男,東邦大学,理学部,化学,kubota_yuuki@example.com,073-972-10032,あつい
470,1470,○,△,△,不合格,1470,城戸,真一,きど,しんいち,男,東邦大学,理学部,生物,kido_shinichi@example.com,082-672-4013,かしこい
471,1471,○,◎,◎,不合格,1471,野口,亮,のぐち,りょう,男,東邦大学,理学部,生物分子科学,noguchi_ryou@example.com,073-972-10029,つよい
472,1472,○,×,×,不合格,1472,川瀬,路子,かわせ,みちこ,女,東洋大学,生命科学部,生命科学,kawase_michiko@example.com,073-972-10032,さわやか
473,1473,○,○,○,不合格,1473,荒木,浩太郎,あらき,こうたろう,男,日本大学,理工学部,数学,araki_koutarou@example.com,082-672-4013,あつい
474,1474,○,△,△,不合格,1474,大滝,博之,おおたき,ひろゆき,男,日本大学,理工学部,物理,ootaki_hiroyuki@example.com,073-972-10033,かしこい
475,1475,○,◎,◎,不合格,1475,片桐,右京,かたぎり,うきょう,男,法政大学,理工学部,創生科学,katagiri_ukyou@example.com,082-672-4014,つよい
476,1476,○,×,×,不合格,1476,深田,恵梨香,ふかだ,えりか,女,明治大学,総合数理学部,ネットワークデザイン,fukada_erika@example.com,073-972-10030,さわやか
477,1477,○,○,○,不合格,1477,原,めぐみ,はら,めぐみ,女,明治大学,総合数理学部,現象数理,hara_megumi@example.com,073-972-10033,あつい
478,1478,○,△,△,不合格,1478,東,勝久,ひがし,かつひさ,男,明治大学,総合数理学部,先端メディアサイエンス,higashi_katsuhisa@example.com,082-672-4014,かしこい
479,1479,○,◎,◎,不合格,1479,藤田,景子,ふじた,けいこ,女,工学院大学,先進工学部,生命化学,fujita_keiko@example.com,073-972-10034,つよい
480,1480,○,×,×,不合格,1480,森下,あや子,もりした,あやこ,女,神奈川大学,理学部,化学,morishita_ayako@example.com,082-672-4015,さわやか
481,1481,○,○,○,不合格,1481,永井,莉沙,ながい,りさ,女,神奈川大学,理学部,数理・物理,nagai_risa@example.com,073-972-10031,あつい
482,1482,○,△,△,不合格,1482,外山,徹,そとやま,とおる,男,神奈川大学,理学部,生物科学,sotoyama_tooru@example.com,073-972-10034,かしこい
483,1483,○,◎,◎,不合格,1483,大熊,由宇,おおくま,ゆう,女,津田塾大学,学芸学部,情報科学,ookuma_yuu@example.com,082-672-4015,つよい
484,1484,○,×,×,不合格,1484,赤坂,雅彦,あかさか,まさひこ,男,東京女子大学,現代教養学部,数理／情報理学,akasaka_masahiko@example.com,073-972-10035,さわやか
485,1485,○,○,○,不合格,1485,小室,正義,こむろ,まさよし,男,東京薬科大学,生命科学部,生命医科学,komuro_masayoshi@example.com,082-672-4016,あつい
486,1486,○,△,△,不合格,1486,船橋,宏行,ふなばし,ひろゆき,男,東京薬科大学,生命科学部,分子生命科学,funabashi_hiroyuki@example.com,073-972-10032,かしこい
487,1487,○,◎,◎,合格,1487,緒形,勝久,おがた,かつひさ,男,玉川大学,経営学部,国際経営,ogata_katsuhisa@example.com,073-972-10035,つよい
488,1488,○,×,×,不合格,1488,中西,さゆり,なかにし,さゆり,女,玉川大学,経営学部,国際経営,nakanishi_sayuri@example.com,082-672-4016,さわやか
489,1489,○,○,○,不合格,1489,守屋,小百合,もりや,さゆり,女,桜美林大学,健康福祉学群,社会福祉,moriya_sayuri@example.com,073-972-10036,あつい
490,1490,○,△,△,不合格,1490,角田,薫,かどた,かおる,女,桜美林大学,健康福祉学群,社会福祉,kadota_kaoru@example.com,082-672-4017,かしこい
491,1491,○,◎,◎,合格,1491,上山,七世,かみやま,ななせ,女,桜美林大学,健康福祉学群,社会福祉,kamiyama_nanase@example.com,073-972-10033,つよい
492,1492,○,×,×,不合格,1492,藤野,崇史,ふじの,たかし,男,桜美林大学,健康福祉学群,社会福祉,fujino_takashi@example.com,073-972-10036,さわやか
493,1493,○,○,○,不合格,1493,岡本,莉央,おかもと,りお,女,桜美林大学,健康福祉学群,社会福祉,okamoto_rio@example.com,082-672-4017,あつい
494,1494,○,△,△,不合格,1494,奥田,将也,おくだ,まさや,男,桜美林大学,健康福祉学群,精神保健福祉,okuda_masaya@example.com,073-972-10037,かしこい
495,1495,○,◎,◎,不合格,1495,富山,あおい,とみやま,あおい,女,桜美林大学,健康福祉学群,精神保健福祉,tomiyama_aoi@example.com,082-672-4018,つよい
496,1496,○,×,×,不合格,1496,森,惇,もり,あつし,男,桜美林大学,健康福祉学群,精神保健福祉,mori_atsushi@example.com,073-972-10034,さわやか
497,1497,○,○,○,不合格,1497,浜崎,進,はまさき,すすむ,男,桜美林大学,健康福祉学群,精神保健福祉,hamasaki_susumu@example.com,073-972-10037,あつい
498,1498,○,△,△,不合格,1498,成瀬,美希,なるせ,みき,女,桜美林大学,健康福祉学群,精神保健福祉,naruse_miki@example.com,082-672-4018,かしこい
499,1499,○,◎,◎,合格,1499,栗原,美紀,くりはら,みき,女,神奈川大学,経営学部,国際経営,kurihara_miki@example.com,073-972-10038,つよい
500,1500,○,×,×,不合格,1500,草村,美幸,くさむら,みゆき,女,神奈川大学,経営学部,国際経営,kusamura_miyuki@example.com,082-672-4019,さわやか
